City_ID,City,Lat,Lng,Max Temp,Humidity,Cloudiness,Wind Speed,Country,Date
0,udachny,66.4167,112.4,23.35,32,100,2.44,RU,1719456887
1,flying fish cove,-10.4217,105.6791,25.82,94,100,4.63,CX,1719456888
2,mejit,10.2753,170.8646,27.93,79,93,6.9,MH,1719456890
3,virpur,23.1833,73.4833,30.25,72,100,3.8,IN,1719456891
4,edinburgh of the seven seas,-37.0676,-12.3116,12.19,82,98,16.21,SH,1719456892
5,kruisfontein,-34.0033,24.7314,10.8,87,4,1.82,ZA,1719456894
6,yaren,-0.5472,166.916,29.13,72,64,6.13,NR,1719456895
7,capayan,-28.761,-66.0502,9.33,52,52,0.81,AR,1719456897
8,midar,34.9403,-3.5331,18.65,87,100,2.11,MA,1719456898
9,longyearbyen,78.2186,15.6401,5.91,87,75,7.2,SJ,1719456904
10,the pas,53.8251,-101.2541,19.01,48,40,1.03,CA,1719456906
11,port-aux-francais,-49.35,70.2167,3.17,83,70,5.5,TF,1719456735
12,grand falls-windsor,48.9332,-55.6649,18.06,82,35,3.94,CA,1719456909
13,puerto ayora,-0.7393,-90.3518,21.42,96,82,0.89,EC,1719456911
14,aasiaat,68.7098,-52.8699,2.14,85,62,4.56,GL,1719456912
15,adamstown,-25.066,-130.1015,22.51,85,0,3.54,PN,1719456914
16,magadan,59.5667,150.8,7.48,95,100,2.05,RU,1719456915
17,sao joao da barra,-21.6403,-41.0511,22.31,91,4,3.99,BR,1719456917
18,kodiak,57.79,-152.4072,9.73,93,100,5.14,US,1719456920
19,salalah,17.0151,54.0924,27.62,90,95,4.18,OM,1719456689
20,newman,37.3138,-121.0208,31.83,25,0,1.79,US,1719456923
21,wailua homesteads,22.0669,-159.378,30.24,85,43,1.34,US,1719456924
22,vila velha,-20.3297,-40.2925,21.97,94,0,1.03,BR,1719456926
23,selfoss,63.9331,-20.9971,8.91,77,100,3.26,IS,1719456928
24,constantia,44.1833,28.65,17.61,68,0,0.81,RO,1719456930
25,dipayal,29.2608,80.94,26.21,76,99,1.34,NP,1719456933
26,bredasdorp,-34.5322,20.0403,10.52,93,0,1.46,ZA,1719456942
27,yellowknife,62.456,-114.3525,20.31,30,40,4.63,CA,1719456944
28,olonkinbyen,70.9221,-8.7187,2.24,82,100,1.44,SJ,1719456945
29,papatowai,-46.5619,169.4708,10.21,72,6,2.24,NZ,1719456947
30,invercargill,-46.4,168.35,8.34,94,13,0.89,NZ,1719456702
31,margaret river,-33.95,115.0667,14.0,79,89,3.56,AU,1719456950
32,es castell,39.8795,4.2854,22.38,88,0,6.69,ES,1719456952
33,yelizovo,53.1873,158.3805,17.08,45,0,4.0,RU,1719456953
34,saipan,15.1355,145.701,28.94,77,37,7.5,MP,1719456954
35,belmonte,-15.8631,-38.8828,22.16,87,52,2.33,BR,1719456956
36,punta arenas,-53.15,-70.9167,1.06,86,100,5.66,CL,1719456958
37,ushuaia,-54.8,-68.3,-1.19,86,100,1.54,AR,1719456696
38,santa cruz,-17.8,-63.1667,13.7,77,100,5.14,BO,1719456960
39,happy valley-goose bay,53.3168,-60.3315,13.17,88,100,11.83,CA,1719456962
40,kenai,60.5544,-151.2583,17.23,74,72,7.41,US,1719456964
41,kupang,-10.1667,123.5833,34.32,55,20,5.66,ID,1719456795
42,broken hill,-31.95,141.4333,15.79,35,0,3.94,AU,1719456966
43,port-vila,-17.7338,168.3219,24.61,76,94,7.6,VU,1719456765
44,anjiang,27.3194,110.1031,22.08,97,100,0.1,CN,1719456969
45,yelan',50.949,43.7378,15.13,85,70,1.79,RU,1719456971
46,west island,-12.1568,96.8225,27.99,74,40,6.69,CC,1719456714
47,essaouira,31.5125,-9.77,19.72,77,40,2.57,MA,1719456974
48,waitangi,-43.9535,-176.5597,9.9,79,100,2.24,NZ,1719456976
49,bandhi,26.5861,68.3006,38.26,37,82,2.44,PK,1719456977
50,tralee,52.2704,-9.7026,12.52,89,73,7.96,IE,1719456978
51,mata-utu,-13.2816,-176.1745,28.18,72,4,8.07,WF,1719456932
52,albany,42.6001,-73.9662,22.18,67,100,0.89,US,1719456981
53,haiku-pauwela,20.9219,-156.3051,27.9,72,23,2.24,US,1719456983
54,iqaluit,63.7506,-68.5145,3.85,75,75,1.03,CA,1719456984
55,kristinestad,62.2743,21.376,14.82,86,0,1.62,FI,1719456986
56,puerto natales,-51.7236,-72.4875,0.1,87,100,1.45,CL,1719456990
57,tamanrasset,22.785,5.5228,29.95,11,40,3.09,DZ,1719456721
58,georgetown,5.4112,100.3354,31.96,66,20,2.57,MY,1719456995
59,brokopondo,4.75,-55.1667,24.92,85,98,1.59,SR,1719456996
60,tucurui,-3.7661,-49.6725,24.51,74,54,1.5,BR,1719456998
61,howrah,22.5892,88.3103,32.0,79,40,3.6,IN,1719456788
62,ilebo,-4.3167,20.5833,17.66,46,15,0.99,CD,1719457001
63,ust-nera,64.5667,143.2,8.21,78,100,3.0,RU,1719457002
64,kapuskasing,49.4169,-82.4331,12.05,62,100,1.54,CA,1719457006
65,fort mcmurray,56.7268,-111.381,22.77,33,0,1.03,CA,1719457008
66,port elizabeth,-33.918,25.5701,11.29,99,2,1.03,ZA,1719457009
67,la'ie,21.6477,-157.9253,29.98,71,12,2.68,US,1719457011
68,dieppe,49.75,1.1667,18.51,74,64,1.26,FR,1719457012
69,blackmans bay,-43.0167,147.3167,10.07,75,97,0.45,AU,1719456950
70,grytviken,-54.2811,-36.5092,-6.84,91,100,3.31,GS,1719457018
71,zhuanghe,39.7008,122.9911,26.23,55,86,4.64,CN,1719457021
72,taksimo,56.3444,114.8794,26.47,41,6,1.2,RU,1719457023
73,hawaiian paradise park,19.5933,-154.9731,27.24,69,9,1.34,US,1719457024
74,utrik,11.2278,169.8474,28.08,71,77,6.79,MH,1719457026
75,columbia falls,48.3725,-114.1815,23.96,64,75,2.09,US,1719457027
76,arraial do cabo,-22.9661,-42.0278,22.77,83,1,5.74,BR,1719456825
77,broome,42.2506,-75.833,17.61,96,100,1.79,US,1719457030
78,ascension,30.2169,-90.9001,29.0,87,0,2.06,US,1719457032
79,shilong,23.1123,113.8425,32.22,62,75,2.58,CN,1719457033
80,enewetak,11.3474,162.3373,28.08,82,100,9.15,MH,1719457034
81,minas de marcona,-15.2119,-75.1103,11.98,87,89,4.65,PE,1719457036
82,port lincoln,-34.7333,135.8667,15.02,61,19,4.83,AU,1719457037
83,thompson,55.7435,-97.8558,17.09,42,20,3.09,CA,1719457039
84,kayes,14.0,-11.0,30.1,53,69,5.34,ML,1719457040
85,kattivakkam,13.2167,80.3167,30.54,77,99,7.41,IN,1719457042
86,lianghu,29.9915,120.8985,23.73,97,100,1.04,CN,1719457043
87,dakar,14.6937,-17.4441,25.07,83,75,4.12,SN,1719456791
88,viedma,-40.8135,-62.9967,8.5,72,100,4.01,AR,1719457046
89,poletayevo,55.0336,61.1138,13.9,92,100,3.88,RU,1719457047
90,aral,40.5156,81.2636,34.03,17,59,2.32,CN,1719457049
91,saint-joseph,-21.3667,55.6167,18.21,72,16,5.13,RE,1719457009
92,canutama,-6.5339,-64.3831,25.83,62,37,1.03,BR,1719457052
93,meadow lakes,61.6247,-149.6011,21.09,65,30,3.16,US,1719457053
94,beatrice,40.2681,-96.747,26.05,69,0,1.54,US,1719457055
95,lompoc,34.6391,-120.4579,20.08,74,1,1.34,US,1719457056
96,forbes,-33.3833,148.0167,17.18,44,1,2.43,AU,1719456907
97,ancud,-41.8697,-73.8203,8.8,94,100,3.9,CL,1719457059
98,praia da vitoria,38.7333,-27.0667,21.14,83,40,3.61,PT,1719457060
99,jamestown,42.097,-79.2353,16.68,98,100,1.76,US,1719457062
100,hamilton,39.1834,-84.5333,21.9,94,20,1.54,US,1719456531
101,zabol,32.25,67.25,26.74,25,0,1.67,AF,1719457065
102,ciudad madero,22.2667,-97.8333,28.92,80,10,4.85,MX,1719457066
103,ocean city,39.2776,-74.5746,23.34,85,100,1.34,US,1719457068
104,st. john's,47.5649,-52.7093,15.54,97,100,6.17,CA,1719457069
105,malabar,-33.9667,151.25,18.99,47,20,5.14,AU,1719457070
106,konotop,51.2403,33.2026,16.06,93,88,2.22,UA,1719457072
107,cockburn town,21.4612,-71.1419,27.85,88,95,8.04,TC,1719457073
108,yangchun,22.1667,111.7833,31.2,66,79,2.21,CN,1719456778
109,la ronge,55.1001,-105.2842,20.12,37,40,2.57,CA,1719457076
110,hasaki,35.7333,140.8333,27.22,75,95,4.52,JP,1719457077
111,harstad,68.799,16.5293,11.2,85,88,3.13,NO,1719457079
112,seryshevo,51.0933,128.3786,32.27,29,6,7.01,RU,1719457080
113,laguna,38.421,-121.4238,31.17,39,0,5.66,US,1719457082
114,merizo village,13.2658,144.6691,31.99,80,99,7.09,GU,1719457083
115,knysna,-34.0363,23.0471,14.01,66,0,2.27,ZA,1719457086
116,klyuchi,52.2667,79.1667,28.11,52,6,1.49,RU,1719457088
117,tolanaro,-25.0319,46.9987,19.04,88,40,4.12,MG,1719457089
118,hithadhoo,-0.6,73.0833,28.23,71,100,0.51,MV,1719457091
119,tromso,69.6496,18.957,10.01,76,100,2.57,NO,1719457092
120,rio grande,-32.035,-52.0986,6.64,79,100,6.48,BR,1719457093
121,bismarck,46.8083,-100.7837,19.25,72,0,4.12,US,1719457095
122,ilulissat,69.2167,-51.1,3.9,72,7,4.02,GL,1719457096
123,aginskoye,51.1,114.53,25.36,47,19,3.72,RU,1719457098
124,talnakh,69.4865,88.3972,25.51,54,14,6.11,RU,1719457099
125,lihue,21.9789,-159.3672,30.58,78,40,5.25,US,1719457101
126,namibe,-15.1961,12.1522,20.28,83,0,1.12,AO,1719457102
127,college,64.8569,-147.8028,30.04,35,32,2.73,US,1719457103
128,kavarna,43.4333,28.3333,16.99,97,0,1.97,BG,1719457105
129,avarua,-21.2078,-159.775,26.03,73,20,7.2,CK,1719457106
130,kingston,17.997,-76.7936,29.53,70,99,8.75,JM,1719456882
131,laojunmiao,39.8333,97.7333,24.71,22,100,4.18,CN,1719457109
132,sydney,-33.8679,151.2073,18.76,48,20,5.14,AU,1719456625
133,mombetsu,44.3525,143.3525,26.01,44,20,5.66,JP,1719457112
134,plastun,44.7561,136.2939,22.48,66,69,2.39,RU,1719457115
135,bilibino,68.0546,166.4372,16.99,39,100,1.33,RU,1719457117
136,isafjordur,66.0755,-23.124,7.27,86,95,1.59,IS,1719457118
137,chonchi,-42.6128,-73.8092,7.56,94,100,2.25,CL,1719457120
138,dassa-zoume,7.75,2.1833,23.6,95,100,1.89,BJ,1719457121
139,pundong,-7.9522,110.3486,30.17,66,7,1.71,ID,1719457123
140,iskateley,67.6803,53.1512,8.01,82,88,6.27,RU,1719457124
141,fisterra,42.9049,-9.2629,18.9,92,45,8.29,ES,1719457126
142,port macquarie,-31.4333,152.9167,20.5,60,11,1.79,AU,1719457127
143,fort bragg,35.139,-79.006,29.0,76,43,1.34,US,1719457129
144,nizhnesortymskiy,62.4397,71.7603,19.47,70,40,6.32,RU,1719457130
145,suva,-18.1416,178.4415,25.71,78,75,4.63,FJ,1719457131
146,palmer,42.1584,-72.3287,21.81,78,100,4.63,US,1719457133
147,usinsk,65.9939,57.5281,9.37,67,100,7.26,RU,1719457134
148,guerrero negro,27.9769,-114.0611,18.73,87,1,8.24,MX,1719457136
149,bikenibeu village,1.3673,173.1241,30.98,74,20,3.6,KI,1719457137
150,ribeira grande,38.5167,-28.7,20.43,88,45,1.34,PT,1719457138
151,forster,-32.1667,152.5167,17.94,50,1,4.3,AU,1719457057
152,stanley,54.868,-1.6985,17.06,81,100,3.09,GB,1719457141
153,axim,4.8699,-2.2405,23.94,92,100,2.1,GH,1719457143
154,porto novo,6.4965,2.6036,25.0,91,100,2.35,BJ,1719456906
155,nemuro,43.3236,145.575,16.08,72,49,3.94,JP,1719456950
156,mareeba,-17.0,145.4333,27.47,80,99,3.87,AU,1719457147
157,necochea,-38.5473,-58.7368,10.75,58,99,7.84,AR,1719457149
158,susuman,62.7833,148.1667,5.78,87,100,1.55,RU,1719457150
159,letterkenny,54.95,-7.7333,12.7,83,100,6.1,IE,1719457154
160,devils lake,48.1128,-98.8651,17.06,80,20,2.12,US,1719457155
161,kannus,63.9,23.9,14.68,69,0,0.86,FI,1719457156
162,kuqa,41.7278,82.9364,32.64,16,5,1.21,CN,1719457158
163,steinbach,50.1667,8.5667,21.16,92,97,0.51,DE,1719457159
164,quatre cocos,-20.2078,57.7625,22.06,60,34,6.41,MU,1719457161
165,luanda,-8.8368,13.2343,21.0,94,20,1.54,AO,1719457162
166,igarka,67.4667,86.5833,25.37,55,63,4.66,RU,1719457164
167,bandarbeyla,9.4942,50.8122,27.24,62,96,13.49,SO,1719457165
168,tweed heads,-28.1817,153.547,23.02,68,75,4.12,AU,1719457166
169,keflavik,64.0049,-22.5624,8.95,93,0,3.6,IS,1719457168
170,uturoa,-16.7333,-151.4333,26.7,79,10,9.23,PF,1719457169
171,bethel,41.3712,-73.414,21.22,88,100,1.61,US,1719457171
172,mermoz boabab,14.7065,-17.4758,24.88,83,75,4.12,SN,1719457172
173,boguchany,58.3814,97.4531,28.76,37,23,2.02,RU,1719457174
174,kirakira,-10.4544,161.9205,28.74,72,96,7.52,SB,1719457175
175,ghadamis,30.1337,9.5007,30.49,19,0,4.26,LY,1719457177
176,alakurtti,66.9672,30.3491,10.53,95,100,2.54,RU,1719457178
177,grand-bassam,5.2118,-3.7388,25.98,91,92,2.3,CI,1719457180
178,santa elena de uairen,4.6167,-61.1333,19.19,93,100,0.53,VE,1719457181
179,new norfolk,-42.7826,147.0587,10.72,78,100,1.98,AU,1719457182
180,robore,-18.3333,-59.75,10.26,88,3,1.38,BO,1719457184
181,kristiansund,63.1115,7.732,16.36,71,75,3.09,NO,1719457185
182,bryne,58.7354,5.6477,16.1,84,0,1.03,NO,1719457187
183,champerico,14.3,-91.9167,26.99,81,99,3.77,GT,1719457188
184,sao felix do xingu,-6.6447,-51.995,24.41,55,44,0.78,BR,1719457190
185,mizan teferi,6.9833,35.5833,16.4,88,100,1.38,ET,1719457191
186,brisas de zicatela,15.8369,-97.0419,26.89,81,85,2.31,MX,1719457192
187,nouadhibou,20.931,-17.0347,19.99,77,4,8.23,MR,1719457194
188,port alberni,49.2413,-124.8028,16.91,87,100,3.58,CA,1719457195
189,wenchang,30.904,118.4887,22.0,98,100,1.47,CN,1719457197
190,murun-kuren,49.6342,100.1625,20.63,52,20,1.73,MN,1719457198
191,villa gesell,-37.2639,-56.973,7.25,59,100,9.41,AR,1719457200
192,codrington,-38.2667,141.9667,13.54,67,14,5.87,AU,1719457209
193,tiksi,71.6872,128.8694,1.29,80,96,2.22,RU,1719457211
194,hays,30.0502,-98.0336,31.07,63,19,3.27,US,1719457216
195,masterton,-40.9597,175.6575,13.82,75,60,1.92,NZ,1719457218
196,el porvenir,13.7617,-87.3458,23.02,96,94,1.3,HN,1719457220
197,vilyuchinsk,52.9306,158.4028,17.15,73,64,3.22,RU,1719457221
198,tokar,18.4254,37.729,32.28,36,100,2.54,SD,1719457223
199,antonio enes,-16.2325,39.9086,20.84,86,17,3.62,MZ,1719457225
200,portage la prairie,49.9728,-98.2926,16.73,54,15,2.25,CA,1719457226
201,klaksvik,62.2266,-6.589,11.51,99,100,8.54,FO,1719457228
202,port blair,11.6667,92.75,27.41,84,100,6.69,IN,1719457230
203,urangan,-25.3,152.9,19.55,96,100,4.02,AU,1719457045
204,pacific grove,36.6177,-121.9166,20.21,80,0,2.68,US,1719457233
205,lochbuie,40.0072,-104.7161,24.44,74,75,1.79,US,1719457235
206,khandyga,62.6667,135.6,14.11,35,100,3.38,RU,1719457237
207,soverato marina,38.685,16.5499,22.31,80,2,6.23,IT,1719457239
208,paradip garh,20.3167,86.6167,30.79,72,100,4.24,IN,1719457241
209,alpine,32.835,-116.7664,21.63,73,0,4.12,US,1719457243
210,kayangel,8.0823,134.7173,28.84,77,29,6.73,PW,1719457247
211,hermanus,-34.4187,19.2345,13.22,77,0,3.96,ZA,1719457249
212,lebu,-37.6167,-73.65,12.02,96,100,6.19,CL,1719457251
213,inirida,3.8653,-67.9239,22.94,97,90,1.09,CO,1719457253
214,luderitz,-26.6481,15.1594,21.17,35,0,12.03,NA,1719457230
215,mogocha,53.7333,119.7667,29.88,30,62,1.07,RU,1719457256
216,conception bay south,47.4999,-52.9981,15.41,97,79,4.84,CA,1719457259
217,san pedro pochutla,15.7333,-96.4667,27.06,82,38,2.18,MX,1719457261
218,badger,64.8,-147.5333,29.99,33,41,0.89,US,1719457279
219,hammerfest,70.6634,23.6821,9.25,81,75,4.12,NO,1719457284
220,oroqen zizhiqi,50.5667,123.7167,26.37,46,94,2.87,CN,1719457285
221,alofi,-19.0595,-169.9187,26.94,69,75,4.12,NU,1719457287
222,ta`u,-14.2336,-169.5144,27.19,73,69,8.41,AS,1719457288
223,sault ste. marie,46.5168,-84.3333,8.85,82,11,4.19,CA,1719457290
224,westport,41.1415,-73.3579,22.58,86,100,0.89,US,1719457291
225,kargasok,59.0556,80.8572,25.28,65,99,3.24,RU,1719457293
226,palikir - national government center,6.9248,158.1611,28.29,77,55,5.72,FM,1719457294
227,richards bay,-28.783,32.0377,17.84,87,70,2.45,ZA,1719457296
228,paita,-5.0892,-81.1144,19.11,80,94,5.92,PE,1719457298
229,birao,10.2849,22.7882,23.2,82,45,1.68,CF,1719457301
230,san julian,21.0167,-102.1667,20.08,62,66,4.24,MX,1719457302
231,labrador city,52.9463,-66.9114,8.99,69,100,3.44,CA,1719457304
232,hadibu,12.65,54.0333,26.86,80,100,10.31,YE,1719457306
233,bang len,14.0219,100.1718,30.97,70,98,2.01,TH,1719457307
234,taltal,-25.4,-70.4833,14.8,74,100,1.62,CL,1719457309
235,yongchuan,29.3514,105.8947,20.62,97,100,1.11,CN,1719457311
236,watsa,3.0372,29.5355,18.24,82,85,0.97,CD,1719457313
237,bubaque,11.2833,-15.8333,26.4,82,100,1.56,GW,1719457315
238,armavir,44.9892,41.1234,15.07,56,41,3.16,RU,1719457316
239,yako,12.9667,-2.2667,30.75,50,30,5.19,BF,1719457318
240,spring creek,40.7266,-115.5859,23.73,47,95,2.68,US,1719457320
241,altai,46.3722,96.2583,17.36,53,22,4.37,MN,1719457215
242,keetmanshoop,-26.5833,18.1333,11.38,51,0,5.5,NA,1719457222
243,san luis de la loma,17.2706,-100.8939,26.1,81,33,2.04,MX,1719457325
244,darwin,-12.4611,130.8418,31.7,54,20,4.02,AU,1719456900
245,lasem,-6.6922,111.4527,29.29,70,27,3.47,ID,1719457328
246,nuku'alofa,-21.1333,-175.2,22.79,80,77,6.79,TO,1719457330
247,kem',64.9555,34.5793,11.12,95,80,4.97,RU,1719457332
248,kabinda,-6.1333,24.4833,16.08,45,1,2.15,CD,1719457334
249,ocean shores,46.9737,-124.1563,14.42,97,100,1.54,US,1719457336
250,ponta delgada,37.7333,-25.6667,18.44,82,20,1.54,PT,1719457337
251,mvurwi,-17.0333,30.85,10.87,60,96,3.16,ZW,1719457339
252,kudahuvadhoo,2.6708,72.8944,28.96,74,100,4.64,MV,1719457341
253,grenaa,56.4158,10.8783,17.0,97,5,3.91,DK,1719457342
254,port mathurin,-19.6833,63.4167,22.63,59,36,9.31,MU,1719457344
255,nuevitas,21.5453,-77.2644,22.52,90,83,1.59,CU,1719457347
256,aleg,17.0481,-13.9209,29.66,32,52,3.67,MR,1719457349
257,santana,-0.0583,-51.1817,23.78,92,2,2.2,BR,1719457350
258,hassi messaoud,31.6804,6.0729,33.92,16,25,6.72,DZ,1719457352
259,sinabang,2.4803,96.3801,29.53,67,86,1.48,ID,1719457353
260,diu,20.7141,70.9822,29.15,79,100,4.86,IN,1719457355
261,popondetta,-8.7537,148.2534,23.42,99,100,1.57,PG,1719457357
262,xiongzhou,25.1167,114.3,31.98,62,53,2.07,CN,1719457358
263,whitehorse,60.7161,-135.0538,24.47,24,89,3.07,CA,1719457360
264,virginia beach,36.8529,-75.978,28.34,81,18,1.34,US,1719457361
265,nar'yan-mar,67.6713,53.087,8.07,82,89,6.31,RU,1719457363
266,ha tien,10.3833,104.4833,29.92,65,75,0.88,VN,1719457316
267,piliscsaba,47.6342,18.8289,20.41,91,100,2.31,HU,1719457366
268,quepos,9.4236,-84.1652,24.04,95,100,2.27,CR,1719457369
269,anadyr,64.75,177.4833,12.28,76,100,2.0,RU,1719457370
270,borogontsy,62.6683,131.1683,12.41,61,97,5.67,RU,1719457372
271,puerto baquerizo moreno,-0.9,-89.6,21.39,88,100,4.83,EC,1719457373
272,pukchil-lodongjagu,40.2019,125.7483,28.01,39,4,3.1,KP,1719457376
273,dudinka,69.4058,86.1778,24.64,63,83,6.97,RU,1719457214
274,touros,-5.1989,-35.4608,23.83,89,32,3.89,BR,1719457378
275,linxia chengguanzhen,35.6003,103.2064,23.3,50,91,1.38,CN,1719457381
276,dali,25.7,100.1833,20.87,83,99,1.62,CN,1719457383
277,east london,-33.0153,27.9116,15.24,84,0,1.44,ZA,1719457141
278,maceio,-9.6658,-35.7353,23.69,88,100,2.57,BR,1719457389
279,turpan,42.9333,89.1667,40.64,16,11,1.6,CN,1719457390
280,mirnyy,62.5353,113.9611,24.5,41,78,4.68,RU,1719457392
281,najran,17.4924,44.1277,27.62,45,59,2.48,SA,1719457396
282,mount gambier,-37.8333,140.7667,13.78,59,10,3.62,AU,1719457398
283,tazovsky,67.4667,78.7,20.57,53,7,6.45,RU,1719457400
284,port alfred,-33.5906,26.891,14.54,84,0,2.6,ZA,1719457401
285,placido de castro,-10.3353,-67.1856,26.46,53,59,0.19,BR,1719457403
286,nova xavantina,-14.6667,-52.35,20.52,52,3,0.38,BR,1719457404
287,karasburg,-28.0167,18.75,11.2,39,0,5.44,NA,1719457233
288,smithers,54.7804,-127.1743,17.74,68,90,0.63,CA,1719457407
289,petropavlovsk-kamchatsky,53.0452,158.6483,16.33,45,0,4.0,RU,1719457409
290,nahiyat ash shinafiyah,31.5874,44.6602,33.69,19,0,5.76,IQ,1719457410
291,san patricio,28.017,-97.5169,29.91,82,0,4.42,US,1719457412
292,jaleshwar,26.6471,85.8008,32.54,56,52,3.57,NP,1719457413
293,acapulco de juarez,16.8634,-99.8901,27.9,78,40,2.57,MX,1719457415
294,lincoln city,44.9582,-124.0179,16.59,91,96,1.79,US,1719457417
295,sandnessjoen,66.0217,12.6316,7.29,74,67,4.06,NO,1719457418
296,nova praha,48.5682,32.9027,16.68,74,1,3.21,UA,1719457420
297,qarchi gak,37.04,66.7889,35.21,16,4,3.59,AF,1719457421
298,morehead city,34.7229,-76.726,27.79,88,20,5.66,US,1719457423
299,al hilaliyya,14.9398,33.234,31.03,49,97,7.15,SD,1719457424
300,pekanbaru,0.5333,101.45,29.18,79,40,2.57,ID,1719457327
301,dunedin,-45.8742,170.5036,11.0,74,41,3.13,NZ,1719457427
302,naraina,26.7833,75.2,30.68,63,100,3.72,IN,1719457429
303,taoudenni,22.6783,-3.9836,35.47,10,8,5.99,ML,1719457433
304,sarh,9.1429,18.3923,25.62,73,64,1.61,TD,1719457435
305,mikhaylovskoye,51.8239,79.7172,29.48,43,2,1.68,RU,1719457437
306,gadzhiyevo,69.2551,33.3362,10.6,73,13,0.72,RU,1719457438
307,antsiranana,-12.2787,49.2917,22.91,68,45,9.1,MG,1719457440
308,amalfi,6.9102,-75.0776,16.01,99,100,0.79,CO,1719457442
309,san antonio de pale,-1.4014,5.6325,23.29,90,100,3.14,GQ,1719457444
310,baiti,13.745,-14.7482,27.38,61,99,4.81,SN,1719457446
311,ola,59.5833,151.2833,7.96,92,100,0.73,RU,1719457448
312,manokwari,-0.8667,134.0833,28.06,75,100,2.59,ID,1719457449
313,kharovsk,59.9642,40.1912,13.65,66,0,2.43,RU,1719457451
314,kikwit,-5.041,18.8162,19.49,36,66,1.32,CD,1719457453
315,otsuki,35.6,138.9333,28.88,63,100,2.23,JP,1719457204
316,aberdeen,57.1437,-2.0981,14.27,96,75,3.09,GB,1719457456
317,cividale del friuli,46.0931,13.4275,19.08,85,100,1.68,IT,1719457293
318,cherdyn',60.403,56.4787,9.26,99,100,2.54,RU,1719457459
319,ivanivka,46.7208,34.553,18.61,63,0,2.76,UA,1719457460
320,monroeville,40.4212,-79.7881,19.47,90,40,1.54,US,1719457462
321,neiva,2.9273,-75.2819,24.26,66,100,1.95,CO,1719457389
322,vadso,70.0744,29.7487,11.49,76,0,1.54,NO,1719457465
323,hotan,37.0997,79.9269,32.68,12,41,2.78,CN,1719457466
324,rovaniemi,66.5,25.7167,13.67,58,0,1.03,FI,1719457408
325,mili,6.0815,171.735,28.89,76,82,6.68,MH,1719457469
326,cabo san lucas,22.8909,-109.9124,29.23,73,1,1.34,MX,1719457232
327,carutapera,-1.195,-46.02,23.7,94,10,2.09,BR,1719457472
328,saudarkrokur,65.7461,-19.6394,6.79,89,93,2.63,IS,1719457475
329,qaqortoq,60.7167,-46.0333,5.1,88,100,2.34,GL,1719457476
330,santa ana de yacuma,-13.75,-65.4333,22.35,60,34,3.72,BO,1719457478
331,damara,4.9608,18.7035,21.61,97,100,0.59,CF,1719457479
332,sanghar,26.0466,68.9481,36.86,41,94,4.02,PK,1719457481
333,ust'-ilimsk,58.0006,102.6619,28.87,36,31,3.15,RU,1719457449
334,demopolis,32.5176,-87.8364,22.97,100,0,0.0,US,1719457486
335,pangody,65.85,74.4859,20.56,56,33,7.01,RU,1719457489
336,byron bay,-28.65,153.6167,23.17,65,85,0.58,AU,1719457490
337,akrehamn,59.2667,5.1833,16.34,94,100,4.12,NO,1719457371
338,fale old settlement,-9.3852,-171.2468,29.04,75,18,8.2,TK,1719457493
339,qamdo,31.1667,97.2333,13.12,53,84,1.83,CN,1719457487
340,rongelap,11.1635,166.8941,28.51,72,64,7.87,MH,1719457496
341,flekkefjord,58.2971,6.6607,17.75,86,2,3.02,NO,1719457498
342,jaguaruna,-28.615,-49.0256,12.56,84,34,3.38,BR,1719457502
343,la gi,10.6667,107.7833,29.35,72,73,2.25,VN,1719457506
344,timbuktu,16.7735,-3.0074,35.33,24,41,3.03,ML,1719457508
345,sosnovo-ozerskoye,52.5249,111.5418,22.31,48,9,3.34,RU,1719457510
346,afif,23.9065,42.9172,26.21,20,89,2.88,SA,1719457511
347,vohibinany,-17.35,49.0333,18.44,100,99,1.21,MG,1719457513
348,reggane,26.7158,0.1714,35.53,10,32,0.76,DZ,1719457517
349,belalcazar,2.6547,-75.9928,13.73,97,99,1.7,CO,1719457519
350,sittwe,20.15,92.9,28.41,83,98,8.54,MM,1719457520
351,la passe,45.5549,-0.8967,21.13,85,94,1.3,FR,1719457522
352,papao,-17.75,-149.55,26.82,83,18,10.14,PF,1719457523
353,chaohu,31.6,117.8667,22.86,92,100,3.62,CN,1719457413
354,sasayama,35.0667,135.2167,27.64,64,100,1.78,JP,1719457293
355,malango,-2.9627,119.9001,27.42,63,74,2.07,ID,1719457529
356,atafu village,-8.5421,-172.5159,28.56,78,12,7.53,TK,1719457530
357,akureyri,65.6835,-18.0878,8.85,79,100,2.45,IS,1719457531
358,gerash,27.6652,54.1371,29.04,23,0,2.84,IR,1719457533
359,jasdan,22.0333,71.2,28.63,81,100,4.43,IN,1719457534
360,wabag,-5.4781,143.7021,18.79,79,100,1.95,PG,1719457536
361,vernon,50.2581,-119.2691,20.16,67,96,0.97,CA,1719457537
362,miyako,39.6367,141.9525,22.51,58,0,3.85,JP,1719457539
363,alesund,62.4723,6.1549,16.53,94,40,1.54,NO,1719457450
364,zaragoza,41.6561,-0.8773,23.9,59,0,0.0,ES,1719457553
365,revda,56.801,59.9303,12.43,82,98,1.55,RU,1719457555
366,nuuk,64.1835,-51.7216,5.62,94,100,4.22,GL,1719457556
367,san ciro de acosta,21.6333,-99.8167,22.86,93,21,1.62,MX,1719457558
368,poronaysk,49.2167,143.1167,13.05,81,8,5.28,RU,1719457560
369,aykhal,66.0,111.5,22.89,36,100,4.1,RU,1719457563
370,coquimbo,-29.9533,-71.3436,13.88,55,0,6.69,CL,1719457488
371,inongo,-1.95,18.2667,20.46,59,94,1.69,CD,1719457568
372,dame-marie,18.5667,-74.4167,27.89,76,100,1.05,HT,1719457570
373,awjilah,29.1081,21.2869,27.94,30,0,5.03,LY,1719457571
374,yorkton,51.2167,-102.4677,15.67,68,100,2.36,CA,1719457573
375,verkhnevilyuysk,63.4453,120.3167,20.23,44,98,3.83,RU,1719457575
376,punta del este,-34.9667,-54.95,10.49,75,0,8.23,UY,1719457577
377,jinan,36.6683,116.9972,33.9,19,15,1.75,CN,1719457314
378,obo,5.3998,26.4869,19.39,89,88,0.65,CF,1719457580
379,caernarfon,53.1413,-4.2702,15.93,49,100,6.69,GB,1719457582
380,molochnyy,68.8539,33.0205,7.31,100,0,1.0,RU,1719457584
381,tual,-5.6667,132.75,26.77,86,16,6.48,ID,1719457585
382,xining,36.6167,101.7667,23.78,45,100,0.91,CN,1719457569
383,dabhol,17.6,73.1667,25.93,92,100,4.91,IN,1719457588
384,phalodi,27.1333,72.3667,32.72,53,98,2.63,IN,1719457569
385,bereznik,62.8551,42.7072,13.69,53,12,1.26,RU,1719457591
386,krasnyy chikoy,50.3643,108.7512,19.19,62,100,2.28,RU,1719457593
387,tofol,5.3248,163.0078,28.87,74,97,3.34,FM,1719457594
388,al lagowa,11.4,29.1333,26.42,61,60,3.27,SD,1719457596
389,okha,53.5739,142.9478,20.86,59,76,5.45,RU,1719457597
390,at-bashi,41.1702,75.8106,22.01,38,45,0.57,KG,1719457599
391,pankrushikha,53.8319,80.3406,25.55,70,0,2.37,RU,1719457600
392,chiang mai,18.75,99.0,28.04,78,40,3.09,TH,1719457193
393,afaahiti,-17.75,-149.2833,25.93,85,51,9.3,PF,1719457603
394,poiares,40.2103,-8.2575,16.79,87,4,1.38,PT,1719457605
395,sao fidelis,-21.6461,-41.7469,21.6,78,4,1.58,BR,1719457606
396,macapa,0.0389,-51.0664,26.99,94,20,2.06,BR,1719457608
397,colonia,50.9333,6.95,21.01,83,0,1.54,DE,1719457609
398,aden,12.7794,45.0367,30.87,72,100,9.29,YE,1719457611
399,sabang,5.8933,95.3214,28.4,72,87,1.91,ID,1719457612
400,plouzane,48.3833,-4.6167,15.18,88,75,3.6,FR,1719457614
401,senanga,-16.1167,23.2667,9.36,70,0,2.59,ZM,1719457617
402,bridgewater,44.3835,-64.5155,19.5,92,100,2.24,CA,1719457619
403,cherokee,34.2668,-84.4499,28.83,84,100,2.06,US,1719457494
404,utete,-7.986,38.758,20.83,89,91,1.05,TZ,1719457622
405,pisco,-13.7,-76.2167,17.03,88,100,1.03,PE,1719457576
406,roma,43.2128,-75.4557,17.75,95,75,3.6,US,1719457625
407,owen sound,44.5672,-80.9435,15.64,90,2,2.24,CA,1719457627
408,francistown,-21.17,27.5079,10.67,89,53,5.57,BW,1719457628
409,dawson creek,55.7666,-120.2362,16.8,72,75,3.09,CA,1719457630
410,chinhoyi,-17.3667,30.2,12.71,57,83,2.25,ZW,1719457540
411,diffa,13.3154,12.6113,29.23,49,94,2.55,NE,1719457633
412,ad dabbah,18.05,30.95,31.46,13,100,3.69,SD,1719457635
413,karratha,-20.7377,116.8463,24.12,69,89,6.7,AU,1719457501
414,bel ombre,-4.6167,55.4167,26.3,82,57,5.54,SC,1719457642
415,olinda,-8.0089,-34.8553,24.85,83,75,2.06,BR,1719457643
416,ust-tsilma,65.441,52.1498,8.93,64,50,3.5,RU,1719457645
417,selkirk,50.1436,-96.8845,14.54,72,6,2.49,CA,1719457646
418,kimbe,-5.5502,150.1429,30.14,71,100,1.19,PG,1719457648
419,gizo,-8.103,156.8419,28.44,79,96,4.92,SB,1719457649
420,muisne,0.6,-80.0333,24.66,83,100,5.01,EC,1719457651
421,valparaiso,-33.0393,-71.6273,13.33,56,0,3.09,CL,1719457652
422,nova sintra,14.8667,-24.7167,19.62,83,33,7.74,CV,1719457654
423,hirara,24.8,125.2833,28.76,80,75,6.03,JP,1719457655
424,talas,38.6908,35.5538,10.37,76,0,3.09,TR,1719457657
425,zambezi,-13.5432,23.1047,8.89,75,18,2.44,ZM,1719457658
426,buala,-8.145,159.5921,29.47,68,91,4.59,SB,1719457659
427,sinop,41.7711,34.8709,13.49,55,0,1.46,TR,1719457661
428,gua musang,4.8823,101.9644,30.25,67,76,0.48,MY,1719457662
429,hobyo,5.3505,48.5268,25.45,79,99,11.16,SO,1719457664
430,onega,63.9061,38.1404,13.35,87,88,2.17,RU,1719457666
431,save,8.0425,2.486,23.28,95,99,1.4,BJ,1719457672
432,kandahar,31.0,65.75,32.05,10,0,2.52,AF,1719457438
433,kavaratti,10.5669,72.642,27.27,85,100,8.34,IN,1719457675
434,kendari,-3.945,122.4989,28.97,64,5,2.15,ID,1719457557
435,alice springs,-23.7,133.8833,21.75,20,0,2.57,AU,1719457560
436,iwanai,42.9744,140.5089,22.65,62,88,4.89,JP,1719457682
437,enshi,30.3,109.4833,19.42,98,100,0.29,CN,1719457684
438,el granada,37.5027,-122.4694,21.14,74,0,8.23,US,1719457685
439,svencionys,55.15,26.1667,16.28,81,0,1.29,LT,1719457687
440,tateyama,34.9833,139.8667,23.18,80,83,1.1,JP,1719457688
441,tsetserleg,47.475,101.4542,14.95,75,100,1.93,MN,1719457690
442,lata,40.1629,-8.3327,16.62,87,4,1.42,PT,1719457691
443,nichinan,31.6,131.3667,21.82,89,100,2.43,JP,1719457693
444,alta,69.9689,23.2717,9.59,79,40,1.54,NO,1719457694
445,centenario,-38.8043,-68.14,9.86,66,0,1.03,AR,1719457674
446,sidi ifni,29.3797,-10.173,18.42,84,37,4.36,MA,1719457697
447,habay-la-vieille,49.7233,5.62,16.89,91,1,1.03,BE,1719457701
448,chibougamau,49.9168,-74.3659,10.22,67,100,3.74,CA,1719457703
449,morteros,-30.7116,-61.9986,5.57,64,67,4.29,AR,1719457703
450,mindelo,16.8901,-24.9804,23.75,69,40,6.69,CV,1719457606
451,melouza,35.98,4.1867,25.4,37,7,6.15,DZ,1719457707
452,aripuana,-9.1667,-60.6333,22.85,54,0,0.83,BR,1719457708
453,varkaus,62.3153,27.873,20.73,79,8,2.19,FI,1719457710
454,pandan,14.0453,124.1694,29.97,71,100,3.88,PH,1719457712
455,monahans,31.5943,-102.8926,36.38,37,0,8.75,US,1719457713
456,nizhniy kuranakh,58.8353,125.4869,19.19,47,99,3.77,RU,1719457715
457,kidal,18.4411,1.4078,33.11,27,14,3.23,ML,1719457716
458,coari,-4.085,-63.1414,26.47,67,67,0.37,BR,1719457720
459,beledweyne,4.7358,45.2036,24.25,77,37,7.76,SO,1719457611
460,suomussalmi,64.8869,28.9078,15.53,90,35,1.71,FI,1719457722
461,sauce,-34.6469,-56.0628,8.17,77,14,6.19,UY,1719457724
462,mont-dore,-22.2833,166.5833,25.0,99,78,5.11,NC,1719457726
463,acarau,-2.8856,-40.12,25.27,83,1,5.4,BR,1719457727
464,salekhard,66.53,66.6019,16.33,94,100,4.14,RU,1719457728
465,vicuna,-30.0319,-70.7081,7.85,19,62,4.97,CL,1719457730
466,moose jaw,50.4001,-105.5344,17.17,60,33,3.97,CA,1719457731
467,stony plain,53.5334,-114.0021,19.86,80,100,6.04,CA,1719457733
468,boumerdas,36.7664,3.4772,25.88,54,1,3.64,DZ,1719457734
469,kabalo,-6.05,26.9167,18.62,49,6,2.02,CD,1719457736
470,brady,31.1352,-99.3351,31.96,54,0,3.6,US,1719457737
471,talakan,50.3167,130.3667,29.44,37,14,3.7,RU,1719457739
472,macheng,31.1783,115.0319,23.06,87,100,2.48,CN,1719457740
473,soller,39.7662,2.7152,22.8,61,11,2.44,ES,1719457742
474,gargalianoi,37.0667,21.6333,24.64,71,0,3.55,GR,1719457743
475,saint-felicien,48.6501,-72.4491,12.02,72,100,2.08,CA,1719457745
476,preobrazheniye,42.9019,133.9064,21.84,68,74,5.16,RU,1719457747
477,aqadyr,48.2553,72.8483,29.38,22,2,1.78,KZ,1719457748
478,lerwick,60.1545,-1.1494,13.0,94,87,9.37,GB,1719457750
479,humaita,-7.5061,-63.0208,25.81,52,21,1.01,BR,1719457734
480,sao francisco,-15.9486,-44.8644,19.09,53,3,0.74,BR,1719457754
481,tynda,55.1667,124.7167,20.41,63,100,4.09,RU,1719457756
482,porto seguro,-16.4497,-39.0647,21.29,94,40,1.03,BR,1719457757
483,iskitim,54.6366,83.3045,25.28,68,17,1.82,RU,1719457490
484,iquitos,-3.7481,-73.2472,25.02,88,75,1.03,PE,1719457760
485,walvis bay,-22.9575,14.5053,23.17,33,0,11.5,NA,1719457762
486,sisimiut,66.9395,-53.6735,6.84,76,100,3.91,GL,1719457763
487,saint-chamas,43.55,5.0333,20.04,89,0,3.09,FR,1719457767
488,birendranagar,28.6019,81.6339,29.56,63,60,1.1,NP,1719457769
489,san clemente del tuyu,-36.3569,-56.7235,7.77,63,83,9.71,AR,1719457770
490,mahbubabad,17.6167,80.0167,25.14,92,100,0.78,IN,1719457772
491,carnarvon,-24.8667,113.6333,20.96,63,86,8.43,AU,1719457773
492,mont-tremblant,46.1949,-74.6264,15.76,97,100,1.78,CA,1719457775
493,nantucket,41.2835,-70.0995,22.27,100,100,6.69,US,1719457540
494,jutai,-5.1833,-68.9,25.3,76,74,1.28,BR,1719457778
495,camalu,30.85,-116.0667,22.03,86,30,3.67,MX,1719457779
496,ivolginsk,51.7492,107.2837,19.81,60,75,4.0,RU,1719457781
497,katerero,-1.4,31.7333,17.83,61,39,3.71,TZ,1719457784
498,livorno,43.2333,10.5833,22.6,91,12,1.27,IT,1719457709
499,howard springs,-12.497,131.047,31.66,69,14,2.87,AU,1719457787
500,buarcos,40.166,-8.8768,16.02,95,2,2.07,PT,1719457788
501,mansa,29.9833,75.3833,33.24,55,100,5.05,IN,1719457701
502,horta,38.5333,-28.6333,20.57,88,45,0.45,PT,1719457791
503,lagos,6.5833,3.75,24.39,92,100,1.47,NG,1719457723
504,marica,-22.9194,-42.8186,23.95,71,1,3.04,BR,1719457794
505,trinity beach,-16.7888,145.6968,30.01,84,100,3.09,AU,1719457795
506,natividade,-21.0422,-41.9733,19.49,74,2,1.91,BR,1719457797
507,nyrob,60.733,56.7202,9.66,99,100,2.42,RU,1719457798
508,shingu,33.7333,135.9833,25.5,84,100,2.2,JP,1719457505
509,tepetlaoxtoc de hidalgo,19.5833,-98.8167,17.42,94,99,2.83,MX,1719457803
510,puerto aysen,-45.4,-72.7,4.5,100,100,1.87,CL,1719457806
511,sirmione,45.4686,10.6052,20.11,78,56,2.24,IT,1719457511
512,kvissleby,62.2936,17.375,13.91,79,97,1.83,SE,1719457809
513,sol'tsy,58.1239,30.3238,14.35,74,0,1.69,RU,1719457811
514,port isabel,26.0734,-97.2086,29.45,81,20,4.63,US,1719457812
515,esquipulas,14.5667,-89.35,20.08,99,100,1.19,GT,1719457813
516,ulladulla,-35.35,150.4667,17.23,45,5,4.37,AU,1719457815
517,qarauyl,48.9451,79.255,28.62,32,1,0.2,KZ,1719457817
518,puerto san jose,13.9256,-90.8244,25.53,91,100,3.44,GT,1719457744
519,cobram,-35.9167,145.65,12.89,65,97,2.7,AU,1719457819
520,greymouth,-42.4667,171.2,12.02,70,19,0.89,NZ,1719457821
521,tarija,-21.5355,-64.7296,8.71,64,81,0.51,BO,1719457822
522,pikeville,37.4793,-82.5188,23.51,89,100,0.0,US,1719457826
523,weno,7.4515,151.8468,29.97,74,100,4.12,FM,1719457828
524,marsala,37.7966,12.4352,22.74,73,0,3.11,IT,1719457830
525,chos malal,-37.3781,-70.2709,8.29,80,10,7.45,AR,1719457831
526,dharampur,20.5333,73.1833,28.08,84,100,4.28,IN,1719457834
527,guarapari,-20.6667,-40.4975,21.58,73,3,3.41,BR,1719457835
528,fukuecho,32.6881,128.8419,23.2,94,75,3.6,JP,1719457561
529,bandar,2.05,99.75,31.35,62,85,1.18,ID,1719457838
530,kerikeri,-35.2268,173.9474,18.84,63,3,3.58,NZ,1719457643
531,dumai,1.6833,101.45,28.24,78,92,1.04,ID,1719457430
532,tura,25.5198,90.2201,27.96,88,78,1.73,IN,1719457843
533,paragominas,-2.9667,-47.4833,22.48,76,3,1.6,BR,1719457701
534,farasan,16.7022,42.1183,31.84,70,96,2.09,SA,1719457845
535,simenqian,27.4872,110.8861,22.04,98,100,1.25,CN,1719457847
536,holualoa,19.6228,-155.9522,25.91,92,100,2.57,US,1719457848
537,yeniseysk,58.4497,92.1703,27.36,45,1,2.88,RU,1719457850
538,jayapura,-2.5333,140.7,29.66,87,97,3.53,ID,1719457568
539,chinu,9.1057,-75.3981,24.32,88,32,2.12,CO,1719457640
540,altamont,42.2068,-121.7372,19.31,47,0,7.2,US,1719457857
541,burao,9.5221,45.5336,22.75,55,70,11.84,SO,1719457845
542,ismailia,30.6043,32.2723,21.73,86,0,1.71,EG,1719457862
543,bambanglipuro,-7.95,110.2833,30.01,65,5,1.79,ID,1719457863
544,saint-philippe,-21.3585,55.7679,18.77,72,37,4.7,RE,1719457865
545,greenville,35.6127,-77.3663,28.09,86,0,6.69,US,1719457866
546,labytnangi,66.6572,66.4183,15.55,95,100,3.44,RU,1719457868
547,uvalde,29.3669,-99.767,31.74,45,4,6.52,US,1719457869
548,kyotera,-0.6156,31.5175,14.99,63,57,2.1,UG,1719457871
549,vydrino,51.485,104.8461,14.19,79,96,1.84,RU,1719457872
550,barra de santo antonio,-9.4047,-35.5072,23.6,80,47,1.82,BR,1719457874
551,kourou,5.1552,-52.6478,24.03,90,72,0.66,GF,1719457798
